post_id,scraped_at,yr,mi,mi_py,eng_l,eng_c,days_post,eng_l_miss,eng_c_miss,days_post_miss,mk,mdl,trn,ful,cnd,bdy,st,actual_price,pred_price
7925501885,2026-04-08 04:00:05+00:00,2002,150000.0,6250.0,,,,1,1,1,dodge,neon,,,,,,3288.0,3309.42
7923207597,2026-04-08 04:00:05+00:00,2015,179079.0,16279.90909090909,,,,1,1,1,subaru,outback,,,,,,7400.0,7264.25
7926066162,2026-04-08 04:00:05+00:00,2002,150000.0,6250.0,,,,1,1,1,dodge,neon,,,,,,3288.0,3309.42
7923882371,2026-04-08 05:00:05+00:00,2021,125753.0,24446.331749999823,,,,1,1,1,lexus,nx,,,,,,21900.0,17234.28
7923269477,2026-04-08 05:00:05+00:00,2014,99800.0,8316.666666666666,,,,1,1,1,mazda,cx-5,,,,,,12800.0,8727.67
7925305513,2026-04-08 05:00:05+00:00,2017,95262.0,10584.666666666666,,,,1,1,1,land rover,range,,,,,,16900.0,19076.63
7924825235,2026-04-08 05:00:05+00:00,2012,159543.0,11395.92857142857,,,,1,1,1,honda,civic,,,,,,5995.0,7004.02
7924429406,2026-04-08 06:00:06+00:00,2018,170000.0,21250.0,,,,1,1,1,kia,soul,,,,,,4200.0,4730.01
7924303723,2026-04-08 07:00:09+00:00,2018,71621.0,8952.625,,,,1,1,1,ford,f-150,,,,,,29955.0,19266.8
7925910242,2026-04-08 07:00:09+00:00,2015,130759.0,11887.181818181818,,,,1,1,1,honda,civic,,,,,,9400.0,9442.45
7924639916,2026-04-08 07:00:09+00:00,2006,135000.0,6750.0,,,,1,1,1,nissan,quest,,,,,,2000.0,5153.46
7922714644,2026-04-08 07:00:09+00:00,2007,66000.0,3473.684210526316,,,,1,1,1,chevrolet,box,,,,,,7500.0,12087.66
7924386182,2026-04-08 08:00:14+00:00,2012,93250.0,6660.714285714285,,,,1,1,1,toyota,camry,,,,,,13800.0,8871.22
7922723740,2026-04-08 08:00:14+00:00,2018,71621.0,8952.625,,,,1,1,1,ford,f-150,,,,,,29920.0,19266.8
7922732721,2026-04-08 09:00:06+00:00,2012,132567.0,9469.07142857143,,,,1,1,1,chevrolet,malibu,,,,,,3995.0,6929.64
7922872400,2026-04-08 09:00:06+00:00,2004,93000.0,4227.272727272727,,,,1,1,1,chrysler,crossfire,,,,,,7500.0,14469.04
7925909044,2026-04-08 09:00:06+00:00,2016,120070.0,12007.0,,,,1,1,1,honda,pilot,,,,,,12990.0,12888.59
7923643535,2026-04-08 09:00:06+00:00,2013,101000.0,7769.2307692307695,,,,1,1,1,volvo,s60,,,,,,5485.0,9312.95
7925348581,2026-04-08 10:00:07+00:00,2012,71000.0,5071.428571428572,,,,1,1,1,bmw,528i,,,,,,7985.0,11825.25
7923722098,2026-04-08 10:00:07+00:00,2015,51345.0,4667.727272727273,,,,1,1,1,chrysler,town,,,,,,28900.0,23881.2
7922888909,2026-04-08 10:00:07+00:00,2002,150000.0,6250.0,,,,1,1,1,dodge,neon,,,,,,2988.0,3309.42
7925869882,2026-04-08 10:00:07+00:00,2009,220000.0,12941.176470588236,,,,1,1,1,mitsubishi,1800,,,,,,8000.0,4707.86
7923121216,2026-04-08 11:00:06+00:00,2002,150000.0,6250.0,,,,1,1,1,dodge,neon,,,,,,3288.0,3309.42
7926302204,2026-04-08 11:00:06+00:00,2002,150000.0,6250.0,,,,1,1,1,dodge,neon,,,,,,3288.0,3309.42
7925910265,2026-04-08 11:00:06+00:00,2015,116669.0,10606.272727272728,,,,1,1,1,kia,optima,,,,,,8800.0,8789.0
7922813805,2026-04-08 11:00:06+00:00,2015,149000.0,13545.454545454546,,,,1,1,1,honda,accord,,,,,,7500.0,7190.27
7924810376,2026-04-08 11:00:06+00:00,2016,200489.0,20048.9,,,,1,1,1,mercedes-benz,sprinter,,,,,,12000.0,11740.81
7924685857,2026-04-08 11:00:06+00:00,2010,271745.0,17500.0,,,,1,1,1,chevrolet,express,,,,,,4800.0,10694.76
7925348793,2026-04-08 11:00:06+00:00,2015,130000.0,11818.181818181818,,,,1,1,1,mercedes-benz,glk350,,,,,,9885.0,9555.55
7922723123,2026-04-08 12:00:06+00:00,2018,19539.0,2442.375,,,,1,1,1,lexus,lc,,,,,,48920.0,13115.9
7922673481,2026-04-08 12:00:06+00:00,2012,166000.0,11857.142857142857,,,,1,1,1,chrysler,town,,,,,,1550.0,4708.49
7923269547,2026-04-08 13:00:05+00:00,2015,141800.0,12890.90909090909,,,,1,1,1,volkswagen,jetta,,,,,,6800.0,5953.63
7924302851,2026-04-08 13:00:05+00:00,2018,19539.0,2442.375,,,,1,1,1,lexus,lc,,,,,,48955.0,13115.9
7923269508,2026-04-08 13:00:05+00:00,2018,135100.0,16887.5,,,,1,1,1,chevrolet,equinox,,,,,,12800.0,11977.24
7922688678,2026-04-08 13:00:05+00:00,2012,150492.0,10749.42857142857,,,,1,1,1,honda,accord,,,,,,6900.0,6429.47
7922869991,2026-04-08 13:00:05+00:00,2017,173128.0,19236.444444444445,,,,1,1,1,ram,promaster,,,,,,14500.0,11521.46
7922955918,2026-04-08 13:00:05+00:00,2000,197000.0,7576.923076923077,,,,1,1,1,ford,mustang,,,,,,3900.0,6699.65
7922813137,2026-04-08 14:00:05+00:00,2009,120000.0,7058.823529411765,,,,1,1,1,honda,accord,,,,,,5999.0,8300.43
7923327561,2026-04-08 14:00:05+00:00,2002,150000.0,6250.0,,,,1,1,1,dodge,neon,,,,,,3288.0,3309.42
7925336756,2026-04-08 14:00:05+00:00,2017,124781.0,13864.555555555555,,,,1,1,1,subaru,legacy,,,,,,10998.0,10001.97
7925910197,2026-04-08 15:00:06+00:00,2019,71241.0,10177.285714285714,,,,1,1,1,audi,a4,,,,,,15900.0,13777.61
7923252224,2026-04-08 15:00:06+00:00,2010,133500.0,8343.75,,,,1,1,1,hyundai,elantra,,,,,,3300.0,5427.32
7925661646,2026-04-08 15:00:06+00:00,1986,271745.0,24446.331749999823,,,,1,1,1,chevrolet,el,,,,,,6000.0,6982.7
7925998449,2026-04-08 15:00:06+00:00,2009,134000.0,7882.35294117647,,,,1,1,1,nissan,altima,,,,,,3285.0,5487.42
7925619053,2026-04-08 15:00:06+00:00,2016,88133.0,8813.3,,,,1,1,1,ford,fiesta,,,,,,5900.0,6632.7
7925908986,2026-04-08 15:00:06+00:00,2018,153518.0,19189.75,,,,1,1,1,gmc,yukon,,,,,,15990.0,15438.79
7925568460,2026-04-08 15:00:06+00:00,2016,165728.0,16572.8,,,,1,1,1,subaru,outback,,,,,,9599.0,8742.15
7923178106,2026-04-08 15:00:06+00:00,2013,150000.0,11538.461538461539,,,,1,1,1,subaru,outback,,,,,,3900.0,6556.5
7923545896,2026-04-08 15:00:06+00:00,2018,133333.0,16666.625,,,,1,1,1,toyota,highlander,,,,,,12450.0,14129.31
7925909851,2026-04-08 16:00:06+00:00,2023,108905.0,24446.331749999823,,,,1,1,1,hyundai,elantra,,,,,,16750.0,17313.56
7923952902,2026-04-08 16:00:06+00:00,1998,260000.0,9285.714285714286,,,,1,1,1,subaru,outback,,,,,,1550.0,4431.96
7922899953,2026-04-08 16:00:06+00:00,2023,113437.0,24446.331749999823,,,,1,1,1,subaru,forester,,,,,,19900.0,18155.74
7925234660,2026-04-08 16:00:06+00:00,2016,199000.0,19900.0,,,,1,1,1,ford,fusion,,,,,,4500.0,9705.12
7922811843,2026-04-08 16:00:06+00:00,2011,165000.0,11000.0,,,,1,1,1,chevrolet,malibu,,,,,,2999.0,6804.38
7922810985,2026-04-08 16:00:06+00:00,2014,113000.0,9416.666666666666,,,,1,1,1,bmw,750li,,,,,,6999.0,9565.57
7925750254,2026-04-08 16:00:06+00:00,2016,81652.0,8165.2,,,,1,1,1,chevrolet,trax,,,,,,7500.0,8259.56
7924562729,2026-04-08 16:00:06+00:00,2011,150000.0,10000.0,,,,1,1,1,subaru,outback,,,,,,6000.0,6275.03
7923948552,2026-04-08 16:00:06+00:00,2013,114100.0,8776.923076923076,,,,1,1,1,hyundai,elantra,,,,,,6800.0,6555.18
7923855738,2026-04-08 16:00:06+00:00,2008,144000.0,8000.0,,,,1,1,1,acura,tl,,,,,,3800.0,5248.67
7925357523,2026-04-08 16:00:06+00:00,2008,222789.0,12377.166666666666,,,,1,1,1,toyota,corolla,,,,,,2400.0,5159.44
7926015068,2026-04-08 16:00:06+00:00,2018,52000.0,6500.0,,,,1,1,1,hyundai,elantra,,,,,,9900.0,11914.89
7926151746,2026-04-08 16:00:06+00:00,2018,149053.0,18631.625,,,,1,1,1,chevrolet,silverado,,,,,,25900.0,12051.37
7923269623,2026-04-08 16:00:06+00:00,2016,100300.0,10030.0,,,,1,1,1,bmw,5,,,,,,14800.0,11010.48
7925601983,2026-04-08 17:00:07+00:00,2019,145143.0,20734.714285714286,,,,1,1,1,hyundai,kona,,,,,,8975.0,12493.44
7923062721,2026-04-08 17:00:07+00:00,2013,112885.0,8683.461538461539,,,,1,1,1,honda,civic,,,,,,9999.0,8077.99
7923844048,2026-04-08 17:00:07+00:00,2016,180000.0,18000.0,,,,1,1,1,dodge,grand,,,,,,5000.0,11495.16
7923559798,2026-04-08 17:00:07+00:00,2002,150000.0,6250.0,,,,1,1,1,dodge,neon,,,,,,3488.0,3309.42
7923549869,2026-04-08 17:00:07+00:00,2001,121327.0,4853.08,,,,1,1,1,acura,3,,,,,,4300.0,6423.59
7923573368,2026-04-08 17:00:07+00:00,2013,103000.0,7923.076923076923,,,,1,1,1,nissan,altima,,,,,,9500.0,7181.84
7925625070,2026-04-08 17:00:07+00:00,2019,114950.0,16421.428571428572,,,,1,1,1,subaru,crosstrek,,,,,,13900.0,12356.22
7925910282,2026-04-08 17:00:07+00:00,2019,54917.0,7845.285714285715,,,,1,1,1,dodge,charger,,,,,,10800.0,10985.98
7923562891,2026-04-08 18:00:06+00:00,2005,142350.0,6778.571428571428,,,,1,1,1,ford,ranger,,,,,,8000.0,4765.73
7925909032,2026-04-08 18:00:06+00:00,2006,131986.0,6599.3,,,,1,1,1,lexus,gs,,,,,,8900.0,8229.53
7925909939,2026-04-08 18:00:06+00:00,2015,92276.0,8388.727272727272,,,,1,1,1,ford,fusion,,,,,,10850.0,10746.49
7926398708,2026-04-08 18:00:06+00:00,2018,124927.0,15615.875,,,,1,1,1,subaru,xv,,,,,,11900.0,11061.7
7925422877,2026-04-08 18:00:06+00:00,2012,166000.0,11857.142857142857,,,,1,1,1,acura,mdx,,,,,,7800.0,7706.29
7923911742,2026-04-08 18:00:06+00:00,2000,104000.0,4000.0,,,,1,1,1,ford,ranger,,,,,,3500.0,7864.12
7922731916,2026-04-08 18:00:06+00:00,2005,271745.0,14857.142857142857,,,,1,1,1,ford,f-350,,,,,,14900.0,5414.42
7923650746,2026-04-08 18:00:06+00:00,2011,200000.0,13333.333333333334,,,,1,1,1,chevrolet,express,,,,,,3300.0,10618.15
7924666742,2026-04-08 18:00:06+00:00,2015,126474.0,11497.636363636364,,,,1,1,1,chevrolet,silverado,,,,,,15900.0,13330.08
7923845755,2026-04-08 18:00:06+00:00,2014,173000.0,14416.666666666666,,,,1,1,1,volkswagen,jetta,,,,,,4200.0,4833.48
7924599111,2026-04-08 18:00:06+00:00,2002,131000.0,5458.333333333333,,,,1,1,1,ford,ranger,,,,,,10299.0,6555.58
7926039400,2026-04-08 18:00:06+00:00,2014,108500.0,9041.666666666666,,,,1,1,1,kia,optima,,,,,,7000.0,8283.2
7926046096,2026-04-08 19:00:07+00:00,2006,121230.0,6061.5,,,,1,1,1,chevrolet,malibu,,,,,,2900.0,6756.36
7925854156,2026-04-08 19:00:07+00:00,2002,150000.0,6250.0,,,,1,1,1,dodge,neon,,,,,,3288.0,3309.42
7924967328,2026-04-08 19:00:07+00:00,2018,100000.0,12500.0,,,,1,1,1,bmw,x5,,,,,,18000.0,13014.14
7923269589,2026-04-08 19:00:07+00:00,2015,80600.0,7327.272727272727,,,,1,1,1,cadillac,ats,,,,,,13800.0,10615.32
7925619387,2026-04-08 19:00:07+00:00,2016,90000.0,9000.0,,,,1,1,1,chevrolet,silverado,,,,,,2000.0,2000.0
7926094837,2026-04-08 19:00:07+00:00,2018,133500.0,16687.5,,,,1,1,1,nissan,nv200,,,,,,11000.0,11345.76
7925909885,2026-04-08 19:00:07+00:00,2015,123897.0,11263.363636363636,,,,1,1,1,mercedes-benz,glk-class,,,,,,8900.0,9547.9
7924062352,2026-04-08 19:00:07+00:00,2015,183000.0,16636.363636363636,,,,1,1,1,subaru,impreza,,,,,,4700.0,7991.47
7925617922,2026-04-08 19:00:07+00:00,2015,81802.0,7436.545454545455,,,,1,1,1,jeep,cherokee,,,,,,9900.0,10071.16
7925251829,2026-04-08 19:00:07+00:00,2016,126000.0,12600.0,,,,1,1,1,volvo,xc60,,,,,,8885.0,9405.41
7925602918,2026-04-08 19:00:07+00:00,2021,61000.0,12200.0,,,,1,1,1,tesla,model,,,,,,5000.0,5135.75
7923838233,2026-04-08 19:00:07+00:00,2015,174302.0,15845.636363636364,,,,1,1,1,subaru,outback,,,,,,9998.0,7193.46
7925601939,2026-04-08 19:00:07+00:00,2015,264719.0,24065.363636363636,,,,1,1,1,ford,super,,,,,,16900.0,12622.26
7925184822,2026-04-08 19:00:07+00:00,2017,56588.0,6287.555555555556,,,,1,1,1,ford,focus,,,,,,8300.0,13019.47
7923939433,2026-04-08 19:00:07+00:00,2009,117810.0,6930.0,,,,1,1,1,jeep,grand,,,,,,6800.0,6659.64
7925305560,2026-04-08 19:00:07+00:00,2018,101615.0,12701.875,,,,1,1,1,land rover,range,,,,,,31900.0,22594.05
7923842626,2026-04-08 19:00:07+00:00,2013,163000.0,12538.461538461539,,,,1,1,1,chrysler,town,,,,,,4900.0,5716.5
7923627347,2026-04-08 19:00:07+00:00,2023,22500.0,7500.0,,,,1,1,1,volkswagen,tiguan,,,,,,20000.0,21368.99
7923015219,2026-04-08 19:00:07+00:00,2010,163117.0,10194.8125,,,,1,1,1,nissan,altima,,,,,,4500.0,4987.45
7925568443,2026-04-08 20:00:09+00:00,2016,136978.0,13697.8,,,,1,1,1,subaru,outback,,,,,,11998.0,9658.25
7925530133,2026-04-08 20:00:09+00:00,2008,166000.0,9222.222222222223,,,,1,1,1,honda,crv,,,,,,5900.0,4295.02
7925718503,2026-04-08 20:00:09+00:00,2016,59000.0,5900.0,,,,1,1,1,subaru,impreza,,,,,,13000.0,9703.68
7925411755,2026-04-08 20:00:09+00:00,2008,158000.0,8777.777777777777,,,,1,1,1,volkswagen,passat,,,,,,2000.0,5131.6
7925618752,2026-04-08 20:00:09+00:00,2014,118290.0,9857.5,,,,1,1,1,hyundai,sonata,,,,,,7900.0,6877.45
7925231411,2026-04-08 20:00:09+00:00,2001,246000.0,9840.0,,,,1,1,1,chevrolet,silverado,,,,,,5000.0,5738.07
7925830296,2026-04-08 20:00:09+00:00,2026,10348.0,,,,,1,1,1,chrysler,pacifica,,,,,,74495.0,54945.3
7925055107,2026-04-08 20:00:09+00:00,2002,150000.0,6250.0,,,,1,1,1,dodge,neon,,,,,,3288.0,3309.42
7925618922,2026-04-08 20:00:09+00:00,2014,85972.0,7164.333333333333,,,,1,1,1,volkswagen,passat,,,,,,8900.0,8956.09
7925112720,2026-04-08 20:00:09+00:00,2001,79700.0,3188.0,,,,1,1,1,bmw,z3,,,,,,14000.0,9671.33
7925687438,2026-04-08 20:00:09+00:00,2020,89000.0,14833.333333333334,,,,1,1,1,dodge,charger,,,,,,12500.0,12332.59
7925591785,2026-04-08 20:00:09+00:00,2017,78600.0,8733.333333333334,,,,1,1,1,porsche,macan,,,,,,18300.0,13155.91
7924302745,2026-04-08 20:00:09+00:00,2001,271745.0,10920.0,,,,1,1,1,toyota,land,,,,,,4000.0,4281.84
7925909947,2026-04-08 20:00:09+00:00,2018,86540.0,10817.5,,,,1,1,1,bmw,x1,,,,,,13500.0,13831.86
7923757298,2026-04-08 20:00:09+00:00,2012,267000.0,19071.428571428572,,,,1,1,1,nissan,altima,,,,,,1000.0,7161.0
7926031130,2026-04-08 20:00:09+00:00,2015,156884.0,14262.181818181818,,,,1,1,1,honda,civic,,,,,,9295.0,8307.64
7924601339,2026-04-08 20:00:09+00:00,2002,150000.0,6250.0,,,,1,1,1,dodge,neon,,,,,,3288.0,3309.42
7923854316,2026-04-08 20:00:09+00:00,2004,188000.0,8545.454545454546,,,,1,1,1,chevrolet,silverado,,,,,,3500.0,6133.28
7924005476,2026-04-08 20:00:09+00:00,2002,150000.0,6250.0,,,,1,1,1,dodge,neon,,,,,,3288.0,3309.42
7924070470,2026-04-08 20:00:09+00:00,2019,149541.0,21363.0,,,,1,1,1,lexus,rx,,,,,,20900.0,15810.76
7924057907,2026-04-08 20:00:09+00:00,2025,10348.0,1418.041606886657,,,,1,1,1,ford,transit,,,,,,139500.0,33620.72
7924262826,2026-04-08 20:00:09+00:00,1990,252300.0,7008.333333333333,,,,1,1,1,volvo,240,,,,,,1200.0,4711.57
7923456476,2026-04-08 20:00:09+00:00,2012,95000.0,6785.714285714285,,,,1,1,1,kia,rio,,,,,,3995.0,8750.1
7922725779,2026-04-08 20:00:09+00:00,2002,150000.0,6250.0,,,,1,1,1,dodge,neon,,,,,,3288.0,3309.42
7922939454,2026-04-08 20:00:09+00:00,2024,10348.0,1418.041606886657,,,,1,1,1,ram,promaster,,,,,,88993.0,31962.05
7926029250,2026-04-08 21:00:06+00:00,2009,167173.0,9833.70588235294,,,,1,1,1,gmc,savana,,,,,,6495.0,5929.36
7925331759,2026-04-08 21:00:06+00:00,2014,212700.0,17725.0,,,,1,1,1,subaru,legacy,,,,,,3200.0,4885.5
7923896699,2026-04-08 21:00:06+00:00,2006,111000.0,5550.0,,,,1,1,1,chevrolet,impala,,,,,,6000.0,7555.69
7923948525,2026-04-08 21:00:06+00:00,2018,137100.0,17137.5,,,,1,1,1,ford,edge,,,,,,10800.0,14641.58
7923518061,2026-04-08 21:00:06+00:00,2016,114000.0,11400.0,,,,1,1,1,nissan,pathfinder,,,,,,9885.0,7833.27
7923916683,2026-04-08 21:00:06+00:00,2016,161000.0,16100.0,,,,1,1,1,audi,a3,,,,,,1600.0,9139.82
7925910285,2026-04-08 21:00:06+00:00,2017,105189.0,11687.666666666666,,,,1,1,1,hyundai,elantra,,,,,,8900.0,9544.52
7923863990,2026-04-08 21:00:06+00:00,2012,37851.0,2703.6428571428573,,,,1,1,1,fiat,500,,,,,,7999.0,8081.03
7923202182,2026-04-08 21:00:06+00:00,1986,271745.0,24446.331749999823,,,,1,1,1,chevrolet,el,,,,,,6000.0,6982.7
7926295610,2026-04-08 21:00:06+00:00,2016,73500.0,7350.0,,,,1,1,1,volkswagen,tiguan,,,,,,7500.0,9748.16
7923649180,2026-04-08 21:00:06+00:00,2020,46500.0,7750.0,,,,1,1,1,ram,promaster,,,,,,26500.0,13478.47
7925908910,2026-04-08 21:00:06+00:00,1988,69541.0,1830.0263157894738,,,,1,1,1,chevrolet,caprice,,,,,,17500.0,16855.82
7925909872,2026-04-08 21:00:06+00:00,2020,35125.0,5854.166666666667,,,,1,1,1,ford,fusion,,,,,,14850.0,14711.18
7926267852,2026-04-08 21:00:06+00:00,2008,167190.0,9288.333333333334,,,,1,1,1,chevrolet,silverado,,,,,,7999.0,7352.3
7925617774,2026-04-08 21:00:06+00:00,2014,130000.0,10833.333333333334,,,,1,1,1,honda,cr-v,,,,,,11900.0,12353.49
7926026983,2026-04-08 21:00:06+00:00,2009,143686.0,8452.117647058823,,,,1,1,1,honda,civic,,,,,,7295.0,5371.82
7925618367,2026-04-08 21:00:06+00:00,2013,121347.0,9334.384615384615,,,,1,1,1,nissan,versa,,,,,,3500.0,4049.77
7922764895,2026-04-08 21:00:06+00:00,2006,145000.0,7250.0,,,,1,1,1,saab,9-3,,,,,,3200.0,5057.3
7923269564,2026-04-08 21:00:06+00:00,2014,129400.0,10783.333333333334,,,,1,1,1,audi,q5,,,,,,9800.0,9371.88
7925273874,2026-04-08 21:00:06+00:00,2002,150000.0,6250.0,,,,1,1,1,dodge,neon,,,,,,2988.0,3309.42
7925596210,2026-04-08 21:00:06+00:00,2016,142654.0,14265.4,,,,1,1,1,ram,3500,,,,,,29900.0,9011.7
7924615716,2026-04-08 21:00:06+00:00,2002,200000.0,8333.333333333334,,,,1,1,1,mercedes-benz,s430,,,,,,2500.0,6500.07
7924375576,2026-04-08 21:00:06+00:00,2012,170000.0,12142.857142857143,,,,1,1,1,cadillac,cts,,,,,,7299.0,5613.4
7925880745,2026-04-08 21:00:06+00:00,2019,100000.0,14285.714285714286,,,,1,1,1,gmc,savana,,,,,,17500.0,13461.83
7925251911,2026-04-08 21:00:06+00:00,2012,151000.0,10785.714285714286,,,,1,1,1,volvo,s80,,,,,,5485.0,6282.89
7925084301,2026-04-08 21:00:06+00:00,2013,164000.0,12615.384615384615,,,,1,1,1,ford,e-450,,,,,,44995.0,6614.77
7925909825,2026-04-08 21:00:06+00:00,2020,77916.0,12986.0,,,,1,1,1,audi,q3,,,,,,17980.0,18690.55
7925910209,2026-04-08 21:00:06+00:00,2016,48019.0,4801.9,,,,1,1,1,dodge,grand,,,,,,12850.0,12696.0
7924922065,2026-04-08 21:00:06+00:00,1987,79000.0,2025.6410256410256,,,,1,1,1,ford,f150,,,,,,7500.0,9264.07
7926035506,2026-04-08 21:00:06+00:00,2009,149974.0,8822.0,,,,1,1,1,honda,civic,,,,,,6995.0,5346.88
7925617529,2026-04-08 22:00:06+00:00,2019,121000.0,17285.714285714286,,,,1,1,1,hyundai,elantra,,,,,,7900.0,9917.31
7923278051,2026-04-08 22:00:06+00:00,2014,117455.0,9787.916666666666,,,,1,1,1,nissan,maxima,,,,,,6488.0,6732.16
7923189477,2026-04-08 22:00:06+00:00,2013,168000.0,12923.076923076924,,,,1,1,1,lexus,rx,,,,,,9800.0,7306.44
7926028695,2026-04-08 22:00:06+00:00,2006,167781.0,8389.05,,,,1,1,1,toyota,sequoia,,,,,,6995.0,4661.88
7925748951,2026-04-08 22:00:06+00:00,2014,91437.0,7619.75,,,,1,1,1,jeep,cherokee,,,,,,9450.0,9421.26
7925776266,2026-04-08 22:00:06+00:00,2018,33000.0,4125.0,,,,1,1,1,toyota,camry,,,,,,2000.0,2331.69
7926242071,2026-04-08 22:00:06+00:00,2016,172000.0,17200.0,,,,1,1,1,ford,explorer,,,,,,7000.0,9788.07
7925909837,2026-04-08 22:00:06+00:00,2018,139096.0,17387.0,,,,1,1,1,infiniti,q50,,,,,,14850.0,14633.74
7925617373,2026-04-08 22:00:06+00:00,2014,123296.0,10274.666666666666,,,,1,1,1,kia,soul,,,,,,5900.0,8188.6
7924663819,2026-04-08 22:00:06+00:00,2013,220000.0,16923.076923076922,,,,1,1,1,hyundai,sonata,,,,,,3700.0,4785.45
7923914038,2026-04-08 22:00:06+00:00,1997,131000.0,4517.241379310345,,,,1,1,1,ford,f-250,,,,,,5500.0,7183.84
7924224692,2026-04-08 22:00:06+00:00,2013,138000.0,10615.384615384615,,,,1,1,1,chevrolet,equinox,,,,,,4950.0,7378.94
7926096214,2026-04-08 22:00:06+00:00,1992,60000.0,1764.7058823529412,,,,1,1,1,jaguar,xjs,,,,,,16500.0,13293.04
7924444719,2026-04-08 22:00:06+00:00,2012,130671.0,9333.642857142857,,,,1,1,1,subaru,outback,,,,,,8998.0,8180.09
7926049384,2026-04-08 22:00:06+00:00,2002,156000.0,6500.0,,,,1,1,1,chevrolet,s10,,,,,,4000.0,5123.57
7924666673,2026-04-08 22:00:06+00:00,2018,93146.0,11643.25,,,,1,1,1,land rover,range,,,,,,20950.0,20424.27
7924340657,2026-04-08 22:00:06+00:00,2015,175019.0,15910.818181818182,,,,1,1,1,subaru,legacy,,,,,,6900.0,6382.33
7924338874,2026-04-08 22:00:06+00:00,2012,136000.0,9714.285714285714,,,,1,1,1,honda,civic,,,,,,3500.0,7064.9
7924240885,2026-04-08 22:00:06+00:00,2008,134000.0,7444.444444444444,,,,1,1,1,mini,cooper,,,,,,3500.0,5986.65
7922860906,2026-04-08 22:00:06+00:00,1983,25257.0,1418.041606886657,,,,1,1,1,chevrolet,k10,,,,,,3550.0,17087.61
7923484982,2026-04-08 22:00:06+00:00,2009,72000.0,4235.294117647059,,,,1,1,1,toyota,camry,,,,,,9000.0,7693.73
7926386562,2026-04-08 22:00:06+00:00,2015,144211.0,13110.09090909091,,,,1,1,1,subaru,forester,,,,,,8499.0,7880.82
7924073272,2026-04-08 22:00:06+00:00,2011,96000.0,6400.0,,,,1,1,1,bmw,328i,,,,,,7485.0,9343.3
7925252175,2026-04-08 22:00:06+00:00,2015,142000.0,12909.09090909091,,,,1,1,1,bmw,x5,,,,,,8985.0,8569.27
7925286956,2026-04-08 22:00:06+00:00,1995,174000.0,5612.903225806452,,,,1,1,1,jeep,wrangler,,,,,,5000.0,6600.93
7924070156,2026-04-08 22:00:06+00:00,2012,114000.0,8142.857142857143,,,,1,1,1,jeep,liberty,,,,,,6885.0,6887.14
7922825064,2026-04-08 22:00:06+00:00,2009,215000.0,12647.058823529413,,,,1,1,1,audi,a5,,,,,,2500.0,5930.48
7925751059,2026-04-08 22:00:06+00:00,2009,114115.0,6712.64705882353,,,,1,1,1,audi,a4,,,,,,6000.0,6003.68
7925917710,2026-04-08 22:00:06+00:00,2018,163000.0,20375.0,,,,1,1,1,jeep,grand,,,,,,9500.0,15104.14
7925910253,2026-04-08 22:00:06+00:00,2014,82595.0,6882.916666666667,,,,1,1,1,mercedes-benz,s-class,,,,,,20900.0,17649.54
7924202834,2026-04-08 22:00:06+00:00,2002,150000.0,6250.0,,,,1,1,1,dodge,neon,,,,,,3288.0,3309.42
7925909019,2026-04-08 23:00:06+00:00,2011,178907.0,11927.133333333333,,,,1,1,1,chevrolet,tahoe,,,,,,8500.0,8416.88
7925995313,2026-04-08 23:00:06+00:00,2016,149000.0,14900.0,,,,1,1,1,audi,q5,,,,,,7200.0,9654.83
7925906358,2026-04-08 23:00:06+00:00,2014,106997.0,8916.416666666666,,,,1,1,1,subaru,outback,,,,,,10998.0,9304.21
7926234605,2026-04-08 23:00:06+00:00,2019,101000.0,14428.57142857143,,,,1,1,1,chevrolet,colorado,,,,,,11500.0,13261.74
7926199758,2026-04-08 23:00:06+00:00,2013,155000.0,11923.076923076924,,,,1,1,1,chevrolet,traverse,,,,,,6000.0,8141.24
7926165731,2026-04-08 23:00:06+00:00,2018,18290.0,2286.25,,,,1,1,1,lexus,lc,,,,,,53820.0,13389.16
7926132929,2026-04-08 23:00:06+00:00,2015,141231.0,12839.181818181818,,,,1,1,1,subaru,outback,,,,,,10998.0,9772.88
7925987763,2026-04-08 23:00:06+00:00,2018,175000.0,21875.0,,,,1,1,1,subaru,legacy,,,,,,7200.0,8841.31
7925910309,2026-04-08 23:00:06+00:00,2011,115212.0,7680.8,,,,1,1,1,lexus,ls,,,,,,13500.0,12985.38
7925910184,2026-04-08 23:00:06+00:00,2018,79633.0,9954.125,,,,1,1,1,bmw,x2,,,,,,15500.0,15601.36
7926029597,2026-04-08 23:00:06+00:00,2013,119925.0,9225.0,,,,1,1,1,gmc,sierra,,,,,,12400.0,11695.16
7925776290,2026-04-08 23:00:06+00:00,2021,61000.0,12200.0,,,,1,1,1,tesla,model,,,,,,5000.0,5135.75
7926448669,2026-04-08 23:00:06+00:00,2001,65000.0,2600.0,,,,1,1,1,chrysler,pt,,,,,,5000.0,16780.57
7925870629,2026-04-08 23:00:06+00:00,2022,10348.0,1418.041606886657,,,,1,1,1,bedrock,,,,,,,3500.0,24468.13
7923488225,2026-04-08 23:00:06+00:00,2007,165000.0,8684.21052631579,,,,1,1,1,saturn,vue,,,,,,5700.0,4717.99
7925043371,2026-04-08 23:00:06+00:00,2012,160000.0,11428.57142857143,,,,1,1,1,chevrolet,equinox,,,,,,5000.0,7499.47
7924660924,2026-04-08 23:00:06+00:00,2016,147973.0,14797.3,,,,1,1,1,subaru,crosstrek,,,,,,9998.0,9736.52
7924687780,2026-04-08 23:00:06+00:00,2014,150000.0,12500.0,,,,1,1,1,honda,civic,,,,,,6999.0,8361.37
7924685016,2026-04-08 23:00:06+00:00,1997,130000.0,4482.758620689655,,,,1,1,1,chevrolet,camaro,,,,,,15900.0,6306.42
7925871301,2026-04-08 23:00:06+00:00,1991,216000.0,6171.428571428572,,,,1,1,1,saab,900,,,,,,900.0,4570.9
7926354442,2026-04-08 23:00:06+00:00,2013,157000.0,12076.923076923076,,,,1,1,1,hyundai,sonata,,,,,,5500.0,5156.34
7924494256,2026-04-08 23:00:06+00:00,2007,136320.0,7174.736842105263,,,,1,1,1,chevrolet,impala,,,,,,2995.0,5222.44
7924043271,2026-04-08 23:00:06+00:00,2005,215000.0,10238.095238095239,,,,1,1,1,chevrolet,avalanche,,,,,,5800.0,5638.34
7923778321,2026-04-08 23:00:06+00:00,2009,140000.0,8235.29411764706,,,,1,1,1,chevrolet,cobalt,,,,,,3000.0,3530.23
7923329866,2026-04-08 23:00:06+00:00,2011,56000.0,3733.3333333333335,,,,1,1,1,honda,civic,,,,,,3400.0,5716.02
7922970432,2026-04-08 23:00:06+00:00,2004,80982.0,3681.0,,,,1,1,1,mercedes-benz,s500,,,,,,8995.0,11213.01
7923005029,2026-04-08 23:00:06+00:00,2012,172000.0,12285.714285714286,,,,1,1,1,mazda,5,,,,,,3800.0,5268.53
7922888763,2026-04-08 23:00:06+00:00,2005,104000.0,4952.380952380952,,,,1,1,1,buick,park,,,,,,2800.0,7494.52
7924073386,2026-04-08 23:00:06+00:00,2014,130000.0,10833.333333333334,,,,1,1,1,cadillac,ats-4,,,,,,6485.0,8808.28
7925445118,2026-04-08 23:00:06+00:00,2000,50000.0,1923.076923076923,,,,1,1,1,ford,ranger,,,,,,6500.0,9141.86
7924445814,2026-04-08 23:00:06+00:00,2019,201000.0,24446.331749999823,,,,1,1,1,ram,promaster,,,,,,8500.0,12232.8
7925354008,2026-04-08 23:00:06+00:00,2013,130000.0,10000.0,,,,1,1,1,hyundai,elantra,,,,,,4700.0,5084.82
7925765296,2026-04-08 23:00:06+00:00,2015,128879.0,11716.272727272728,,,,1,1,1,kia,sportage,,,,,,7500.0,8635.04
7925757414,2026-04-08 23:00:06+00:00,2017,33587.0,3731.8888888888887,,,,1,1,1,mitsubishi fuso,cab,,,,,,34500.0,8162.4
7925637008,2026-04-08 23:00:06+00:00,2006,130000.0,6500.0,,,,1,1,1,jeep,grand,,,,,,3950.0,4802.3
7925336798,2026-04-09 00:00:06+00:00,2015,132799.0,12072.636363636364,,,,1,1,1,subaru,forester,,,,,,10998.0,9002.21
7923838194,2026-04-09 00:00:06+00:00,2018,136170.0,17021.25,,,,1,1,1,subaru,outback,,,,,,13998.0,10970.12
7926253247,2026-04-09 00:00:06+00:00,2007,190000.0,10000.0,,,,1,1,1,toyota,corolla,,,,,,3200.0,4877.59
7925673628,2026-04-09 00:00:06+00:00,2010,191000.0,11937.5,,,,1,1,1,volkswagen,jetta,,,,,,3500.0,4912.7
7923687600,2026-04-09 00:00:06+00:00,2015,124948.0,11358.90909090909,,,,1,1,1,mercedes-benz,gl,,,,,,10950.0,9976.71
7923525504,2026-04-09 00:00:06+00:00,2012,140000.0,10000.0,,,,1,1,1,nissan,altima,,,,,,5000.0,5597.18
7926222609,2026-04-09 00:00:06+00:00,2024,35000.0,17500.0,,,,1,1,1,chevrolet,silverado,,,,,,43000.0,19499.22
7923189849,2026-04-09 00:00:06+00:00,2015,74500.0,6772.727272727273,,,,1,1,1,honda,civic,,,,,,9000.0,9966.55
7923457320,2026-04-09 00:00:06+00:00,2013,79000.0,6076.923076923077,,,,1,1,1,lexus,es350,,,,,,14950.0,13084.32
7923277819,2026-04-09 00:00:06+00:00,2008,131799.0,7322.166666666667,,,,1,1,1,acura,rdx,,,,,,7995.0,5957.06
7923912455,2026-04-09 00:00:06+00:00,2019,42250.0,6035.714285714285,,,,1,1,1,audi,a6,,,,,,17000.0,15459.76
7923254716,2026-04-09 00:00:06+00:00,2010,133500.0,8343.75,,,,1,1,1,hyundai,electra,,,,,,3300.0,5752.71
7925776464,2026-04-09 00:00:06+00:00,2020,20000.0,3333.3333333333335,,,,1,1,1,honda,accord,,,,,,2000.0,2127.92
7923197043,2026-04-09 00:00:06+00:00,2015,154359.0,14032.636363636364,,,,1,1,1,subaru,xv,,,,,,9998.0,9243.7
7926305629,2026-04-09 00:00:06+00:00,2019,129000.0,18428.571428571428,,,,1,1,1,mini,countryman,,,,,,10885.0,14230.96
7925862253,2026-04-09 00:00:06+00:00,2017,92000.0,10222.222222222223,,,,1,1,1,jeep,cherokee,,,,,,11500.0,12998.99
7922815041,2026-04-09 00:00:06+00:00,2015,129000.0,11727.272727272728,,,,1,1,1,jeep,compass,,,,,,5500.0,9797.49
7926456208,2026-04-09 00:00:06+00:00,2022,30000.0,7500.0,,,,1,1,1,acura,tlx,,,,,,2000.0,2196.38
7926305942,2026-04-09 00:00:06+00:00,2001,10348.0,1418.041606886657,,,,1,1,1,ford,mustang,,,,,,25000.0,25897.84
7923948506,2026-04-09 00:00:06+00:00,2015,119500.0,10863.636363636364,,,,1,1,1,ford,escape,,,,,,7800.0,8105.89
7923932390,2026-04-09 00:00:06+00:00,2011,190000.0,12666.666666666666,,,,1,1,1,subaru,outback,,,,,,3750.0,4766.24
7925356182,2026-04-09 00:00:06+00:00,2019,42250.0,6035.714285714285,,,,1,1,1,audi,a6,,,,,,17000.0,15459.76
7925186421,2026-04-09 00:00:06+00:00,2016,181790.0,18179.0,,,,1,1,1,toyota,4runner,,,,,,18900.0,9426.4
7925559046,2026-04-09 00:00:06+00:00,2010,128000.0,8000.0,,,,1,1,1,infiniti,qx56,,,,,,6200.0,7133.41
7925909002,2026-04-09 00:00:06+00:00,2014,91374.0,7614.5,,,,1,1,1,ford,econoline,,,,,,12300.0,12293.22
7925908827,2026-04-09 00:00:06+00:00,2013,100775.0,7751.923076923077,,,,1,1,1,toyota,avalon,,,,,,14800.0,12275.57
7924892871,2026-04-09 00:00:06+00:00,2011,190000.0,12666.666666666666,,,,1,1,1,toyota,tundra,,,,,,7500.0,9997.08
7924831703,2026-04-09 00:00:06+00:00,2009,127000.0,7470.588235294118,,,,1,1,1,toyota,prius,,,,,,6485.0,7048.85
7925909861,2026-04-09 00:00:06+00:00,2017,106743.0,11860.333333333334,,,,1,1,1,ford,f-150,,,,,,18995.0,18675.87
7925596287,2026-04-09 00:00:06+00:00,2012,130790.0,9342.142857142857,,,,1,1,1,chevrolet,silverado,,,,,,14950.0,7829.46
7925910231,2026-04-09 00:00:06+00:00,2020,82675.0,13779.166666666666,,,,1,1,1,nissan,rogue,,,,,,13800.0,14575.5
7923846364,2026-04-09 00:00:06+00:00,2014,163000.0,13583.333333333334,,,,1,1,1,jeep,wrangler,,,,,,8000.0,9701.81
7925618185,2026-04-09 00:00:06+00:00,2013,89281.0,6867.7692307692305,,,,1,1,1,infiniti,ex35,,,,,,9900.0,9797.78
7925617515,2026-04-09 00:00:06+00:00,2020,38563.0,6427.166666666667,,,,1,1,1,mazda,3,,,,,,17200.0,13012.53
7926041125,2026-04-09 00:00:06+00:00,2007,150000.0,7894.736842105263,,,,1,1,1,chevrolet,3500,,,,,,5700.0,5576.38
7925662162,2026-04-09 00:00:06+00:00,2003,258000.0,11217.391304347826,,,,1,1,1,toyota,highlander,,,,,,1800.0,6748.86
7924376322,2026-04-09 00:00:06+00:00,2002,150000.0,6250.0,,,,1,1,1,dodge,neon,,,,,,3288.0,3309.42
7924224802,2026-04-09 00:00:06+00:00,2013,85000.0,6538.461538461538,,,,1,1,1,chevrolet,cruze,,,,,,5495.0,9667.28
7925683896,2026-04-09 00:00:06+00:00,2002,150000.0,6250.0,,,,1,1,1,dodge,neon,,,,,,3288.0,3309.42
7924093354,2026-04-09 00:00:06+00:00,2017,80000.0,8888.888888888889,,,,1,1,1,subaru,outback,,,,,,21000.0,12161.88
7925619188,2026-04-09 00:00:06+00:00,2018,173000.0,21625.0,,,,1,1,1,subaru,crosstrek,,,,,,9900.0,9720.09
7924074050,2026-04-09 00:00:06+00:00,2015,159707.0,14518.818181818182,,,,1,1,1,toyota,sienna,,,,,,12900.0,9269.37
7924752722,2026-04-09 00:00:06+00:00,2008,170484.0,9471.333333333334,,,,1,1,1,chevrolet,express,,,,,,8995.0,10260.72
7925022585,2026-04-09 00:00:06+00:00,2007,165000.0,8684.21052631579,,,,1,1,1,saturn,vue,,,,,,3900.0,4717.99
